carBrand,carModel,year,price(rub),city,distance(km),engine_capacity(L),fuel_type
Hyundai,Solaris,2021,1840000.0,Москва,53000.0,1.6,"бензин,"
Hyundai,Solaris,2018,1370000.0,Москва,110792.0,1.6,"бензин,"
Hyundai,Solaris,2017,988000.0,Москва,147111.0,1.4,"бензин,"
Hyundai,Solaris,2016,1088000.0,Москва,176189.0,1.6,"бензин,"
Hyundai,Solaris,2021,1149000.0,Москва,131303.0,1.6,"бензин,"
Hyundai,Solaris,2016,900000.0,Москва,120800.0,1.6,"бензин,"
Hyundai,Solaris,2020,1630000.0,Москва,73000.0,1.6,"бензин,"
Hyundai,Solaris,2020,1328000.0,Москва,26540.0,1.4,"бензин,"
Hyundai,Solaris,2014,910000.0,Москва,176646.0,1.6,"бензин,"
Hyundai,Solaris,2018,1250000.0,Москва,108000.0,1.6,"бензин,"
Hyundai,Solaris,2022,1980000.0,Москва,17600.0,1.6,"бензин,"
Hyundai,Solaris,2018,1185000.0,Москва,80215.0,1.6,"бензин,"
Hyundai,Solaris,2012,824000.0,Москва,109848.0,1.6,"бензин,"
Hyundai,Solaris,2020,1780000.0,Москва,22900.0,1.6,"бензин,"
Hyundai,Solaris,2014,1025000.0,Москва,141622.0,1.6,"бензин,"
Hyundai,Solaris,2014,889000.0,Москва,207150.0,1.6,"бензин,"
Hyundai,Solaris,2015,1280000.0,Москва,88000.0,1.6,"бензин,"
Hyundai,Solaris,2014,1149000.0,Москва,105042.0,1.6,"бензин,"
Hyundai,Solaris,2021,1840000.0,Москва,53000.0,1.6,"бензин,"
Hyundai,Solaris,2018,1370000.0,Москва,110792.0,1.6,"бензин,"
Hyundai,Solaris,2017,988000.0,Москва,147111.0,1.4,"бензин,"
Hyundai,Solaris,2016,1088000.0,Москва,176189.0,1.6,"бензин,"
Hyundai,Solaris,2021,1149000.0,Москва,131303.0,1.6,"бензин,"
Hyundai,Solaris,2016,900000.0,Москва,120800.0,1.6,"бензин,"
Hyundai,Solaris,2020,1630000.0,Москва,73000.0,1.6,"бензин,"
Hyundai,Solaris,2020,1328000.0,Москва,26540.0,1.4,"бензин,"
Hyundai,Solaris,2014,910000.0,Москва,176646.0,1.6,"бензин,"
Hyundai,Solaris,2018,1250000.0,Москва,108000.0,1.6,"бензин,"
Hyundai,Solaris,2022,1980000.0,Москва,17600.0,1.6,"бензин,"
Hyundai,Solaris,2018,1185000.0,Москва,80215.0,1.6,"бензин,"
Hyundai,Solaris,2012,824000.0,Москва,109848.0,1.6,"бензин,"
Hyundai,Solaris,2020,1780000.0,Москва,22900.0,1.6,"бензин,"
Hyundai,Solaris,2014,1025000.0,Москва,141622.0,1.6,"бензин,"
Hyundai,Solaris,2014,889000.0,Москва,207150.0,1.6,"бензин,"
Hyundai,Solaris,2015,1280000.0,Москва,88000.0,1.6,"бензин,"
Hyundai,Solaris,2014,1149000.0,Москва,105042.0,1.6,"бензин,"
Hyundai,Solaris,2012,780000.0,Москва,195000.0,1.6,"бензин,"
Hyundai,Solaris,2020,1730000.0,Москва,46977.0,1.6,"бензин,"
Hyundai,Solaris,2014,390000.0,Москва,601093.0,1.4,"бензин,"
Hyundai,Solaris,2017,1250000.0,Москва,128000.0,1.4,"бензин,"
Hyundai,Solaris,2011,425000.0,Москва,147500.0,1.4,"бензин,"
Hyundai,Solaris,2021,1720000.0,Москва,72890.0,1.6,"бензин,"
Hyundai,Solaris,2012,864000.0,Москва,177289.0,1.6,"бензин,"
Hyundai,Solaris,2014,935000.0,Москва,164165.0,1.6,"бензин,"
Hyundai,Solaris,2017,1599000.0,Москва,22552.0,1.6,"бензин,"
Hyundai,Solaris,2019,1575000.0,Москва,46124.0,1.6,"бензин,"
Hyundai,Solaris,2022,1650000.0,Москва,51000.0,1.6,"бензин,"
Hyundai,Solaris,2020,1279000.0,Москва,88161.0,1.6,"бензин,"
Hyundai,Solaris,2021,1499000.0,Москва,65000.0,1.6,"бензин,"
Hyundai,Solaris,2021,1698000.0,Москва,35877.0,1.6,"бензин,"
Hyundai,Solaris,2018,1240000.0,Москва,114000.0,1.6,"бензин,"
Hyundai,Solaris,2016,950000.0,Москва,243545.0,1.6,"бензин,"
Hyundai,Solaris,2012,708000.0,Москва,233748.0,1.6,"бензин,"
Hyundai,Solaris,2012,1190000.0,Москва,58363.0,1.4,"бензин,"
Hyundai,Solaris,2014,750000.0,Москва,400000.0,1.4,"бензин,"
Hyundai,Solaris,2019,1395000.0,Москва,102785.0,1.6,"бензин,"
Hyundai,Solaris,2015,1144000.0,Москва,46809.0,1.6,"бензин,"
Hyundai,Solaris,2017,1294000.0,Москва,30211.0,1.6,"бензин,"
Hyundai,Solaris,2011,700000.0,Москва,165500.0,1.6,"бензин,"
Hyundai,Solaris,2011,782000.0,Москва,133739.0,1.6,"бензин,"
Hyundai,Solaris,2018,800000.0,Москва,365139.0,1.4,"бензин,"
Hyundai,Solaris,2011,1055000.0,Москва,135850.0,1.6,"бензин,"
Hyundai,Solaris,2016,820000.0,Москва,126046.0,1.4,"бензин,"
Hyundai,Solaris,2020,1615000.0,Москва,49962.0,1.4,"бензин,"
Hyundai,Solaris,2011,905000.0,Москва,119300.0,1.6,"бензин,"
Hyundai,Solaris,2017,1220000.0,Москва,127246.0,1.4,"бензин,"
Hyundai,Solaris,2021,2110000.0,Москва,20238.0,1.6,"бензин,"
Hyundai,Solaris,2011,670000.0,Москва,118000.0,1.4,"бензин,"
Hyundai,Solaris,2015,1090000.0,Москва,80833.0,1.4,"бензин,"
Hyundai,Solaris,2011,750000.0,Москва,135491.0,1.6,"бензин,"
Hyundai,Solaris,2015,1127000.0,Москва,87503.0,1.6,"бензин,"
Hyundai,Solaris,2015,1040000.0,Москва,162839.0,1.6,"бензин,"
Hyundai,Solaris,2015,1290000.0,Москва,97800.0,1.6,"бензин,"
Hyundai,Solaris,2013,805000.0,Москва,183000.0,1.6,"бензин,"
Hyundai,Solaris,2013,1010000.0,Москва,83357.0,1.6,"бензин,"
Hyundai,Solaris,2019,1405000.0,Москва,140221.0,1.6,"бензин,"
Hyundai,Solaris,2022,1945000.0,Москва,27013.0,1.6,"бензин,"
Hyundai,Solaris,2013,820000.0,Москва,167500.0,1.6,"бензин,"
Hyundai,Solaris,2011,607000.0,Москва,207032.0,1.6,"бензин,"
Hyundai,Solaris,2017,1240000.0,Москва,128000.0,1.6,"бензин,"
Hyundai,Solaris,2017,1125000.0,Москва,134368.0,1.6,"бензин,"
Hyundai,Solaris,2020,1441000.0,Москва,47160.0,1.6,"бензин,"
Hyundai,Solaris,2018,1210000.0,Москва,111226.0,1.4,"бензин,"
Hyundai,Solaris,2021,1715000.0,Москва,52643.0,1.6,"бензин,"
Hyundai,Solaris,2011,618000.0,Москва,240000.0,1.4,"бензин,"
Hyundai,Solaris,2012,581000.0,Москва,133000.0,1.4,"бензин,"
Hyundai,Solaris,2012,945000.0,Москва,84505.0,1.6,"бензин,"
Hyundai,Solaris,2019,320000.0,Москва,117000.0,1.6,"бензин,"
Hyundai,Solaris,2014,900000.0,Москва,107000.0,1.4,"бензин,"
Hyundai,Solaris,2017,1490000.0,Москва,43342.0,1.4,"бензин,"
Hyundai,Solaris,2014,790000.0,Москва,248319.0,1.6,"бензин,"
Hyundai,Solaris,2016,1140000.0,Москва,62500.0,1.6,"бензин,"
Hyundai,Solaris,2011,821000.0,Москва,142538.0,1.6,"бензин,"
Hyundai,Solaris,2012,592000.0,Москва,472129.0,1.4,"бензин,"
Hyundai,Solaris,2017,1029000.0,Москва,176200.0,1.6,"бензин,"
Hyundai,Solaris,2011,700000.0,Москва,147800.0,1.4,"бензин,"
Hyundai,Solaris,2014,770000.0,Москва,209167.0,1.4,"бензин,"
Hyundai,Solaris,2012,765000.0,Москва,186001.0,1.4,"бензин,"
Hyundai,Solaris,2017,974000.0,Москва,149664.0,1.6,"бензин,"
Hyundai,Solaris,2021,1495000.0,Москва,42082.0,1.6,"бензин,"
Hyundai,Solaris,2021,1235000.0,Москва,118261.0,1.6,"бензин,"
Hyundai,Solaris,2016,945000.0,Москва,154498.0,1.6,"бензин,"
Hyundai,Solaris,2012,745000.0,Москва,345798.0,1.6,"бензин,"
Hyundai,Solaris,2012,641000.0,Москва,289000.0,1.6,"бензин,"
Hyundai,Solaris,2012,930000.0,Москва,83370.0,1.6,"бензин,"
Hyundai,Solaris,2013,949000.0,Москва,92530.0,1.4,"бензин,"
Hyundai,Solaris,2015,784000.0,Москва,156000.0,1.6,"бензин,"
Hyundai,Solaris,2016,1129000.0,Москва,93000.0,1.6,"бензин,"
Hyundai,Solaris,2022,2265000.0,Москва,,1.6,"бензин,"
Hyundai,Solaris,2022,2265000.0,Москва,,1.6,"бензин,"
Hyundai,Solaris,2022,2265000.0,Москва,,1.6,"бензин,"
Hyundai,Solaris,2022,2370000.0,Москва,,1.6,"бензин,"
Hyundai,Solaris,2022,2370000.0,Москва,,1.6,"бензин,"
Hyundai,Solaris,2022,2370000.0,Москва,,1.6,"бензин,"
Hyundai,Solaris,2022,2155000.0,Москва,,1.6,"бензин,"
Hyundai,Solaris,2022,2155000.0,Москва,,1.6,"бензин,"
Hyundai,Solaris,2022,2155000.0,Москва,,1.6,"бензин,"
Hyundai,Solaris,2022,2155000.0,Москва,,1.6,"бензин,"
Hyundai,Solaris,2022,2155000.0,Москва,,1.6,"бензин,"
Hyundai,Solaris,2022,2155000.0,Москва,,1.6,"бензин,"
Hyundai,Solaris,2019,1250700.0,Москва,121640.0,1.4,"бензин,"
Hyundai,Solaris,2018,1425000.0,Москва,89605.0,1.6,"бензин,"
Hyundai,Solaris,2013,680000.0,Москва,174852.0,1.6,"бензин,"
Hyundai,Solaris,2014,880000.0,Москва,190000.0,1.6,"бензин,"
Hyundai,Solaris,2013,699000.0,Москва,233735.0,1.6,"бензин,"
Hyundai,Solaris,2016,910000.0,Москва,138938.0,1.6,"бензин,"
Hyundai,Solaris,2017,1098000.0,Москва,112967.0,1.4,"бензин,"
Hyundai,Solaris,2021,1550000.0,Москва,43000.0,1.6,"бензин,"
Hyundai,Solaris,2015,590000.0,Москва,370000.0,1.4,"бензин,"
Hyundai,Solaris,2021,1785000.0,Москва,34022.0,1.6,"бензин,"
Hyundai,Solaris,2021,1674000.0,Москва,114000.0,1.6,"бензин,"
Hyundai,Solaris,2018,1320000.0,Москва,156825.0,1.6,"бензин,"
Hyundai,Solaris,2011,890000.0,Москва,69800.0,1.4,"бензин,"
Hyundai,Solaris,2017,1080000.0,Москва,119500.0,1.6,"бензин,"
Hyundai,Solaris,2013,780000.0,Москва,96000.0,1.6,"бензин,"
Hyundai,Solaris,2022,2155000.0,Москва,,1.6,"бензин,"
Hyundai,Solaris,2022,2155000.0,Москва,,1.6,"бензин,"
Hyundai,Solaris,2022,2155000.0,Москва,,1.6,"бензин,"
Hyundai,Solaris,2022,2370000.0,Москва,,1.6,"бензин,"
Hyundai,Solaris,2022,2370000.0,Москва,,1.6,"бензин,"
Hyundai,Solaris,2022,2370000.0,Москва,,1.6,"бензин,"
Hyundai,Solaris,2022,2155000.0,Москва,,1.6,"бензин,"
Hyundai,Solaris,2022,2155000.0,Москва,,1.6,"бензин,"
Hyundai,Solaris,2022,2155000.0,Москва,,1.6,"бензин,"
Hyundai,Solaris,2022,2265000.0,Москва,,1.6,"бензин,"
Hyundai,Solaris,2022,2265000.0,Москва,,1.6,"бензин,"
Hyundai,Solaris,2022,2265000.0,Москва,,1.6,"бензин,"
Hyundai,Solaris,2020,1298000.0,Москва,149623.0,1.6,"бензин,"
Hyundai,Solaris,2018,1540000.0,Москва,110000.0,1.6,"бензин,"
Hyundai,Solaris,2012,557000.0,Москва,154827.0,1.6,"бензин,"
Hyundai,Solaris,2019,959000.0,Москва,128573.0,1.6,"бензин,"
Hyundai,Solaris,2020,1449000.0,Москва,49851.0,1.6,"бензин,"
Hyundai,Solaris,2020,1518000.0,Москва,37824.0,1.6,"бензин,"
Hyundai,Solaris,2018,1350000.0,Москва,92600.0,1.6,"бензин,"
Hyundai,Solaris,2014,1110000.0,Москва,163000.0,1.6,"бензин,"
Hyundai,Solaris,2019,1500000.0,Москва,50200.0,1.6,"бензин,"
Hyundai,Solaris,2014,880000.0,Москва,110217.0,1.4,"бензин,"
Hyundai,Solaris,2021,1869000.0,Москва,38728.0,1.6,"бензин,"
Hyundai,Solaris,2021,1850000.0,Москва,89995.0,1.6,"бензин,"
Hyundai,Solaris,2021,1850000.0,Москва,89160.0,1.6,"бензин,"
Hyundai,Solaris,2018,1700000.0,Москва,6274.0,1.6,"бензин,"
Hyundai,Solaris,2013,1095000.0,Москва,150520.0,1.6,"бензин,"
Hyundai,Solaris,2019,1550000.0,Москва,63200.0,1.6,"бензин,"
Hyundai,Solaris,2019,1190000.0,Москва,373928.0,1.6,"бензин,"
Hyundai,Solaris,2014,960000.0,Москва,134340.0,1.4,"бензин,"
Hyundai,Solaris,2016,1115000.0,Москва,100064.0,1.6,"бензин,"
Hyundai,Solaris,2019,1525000.0,Москва,87771.0,1.6,"бензин,"
Hyundai,Solaris,2021,1640000.0,Москва,56635.0,1.6,"бензин,"
Hyundai,Solaris,2017,1139000.0,Москва,100673.0,1.6,"бензин,"
Hyundai,Solaris,2022,1850000.0,Москва,25676.0,1.6,"бензин,"
Hyundai,Solaris,2019,1395000.0,Москва,66332.0,1.6,"бензин,"
Hyundai,Solaris,2019,1580000.0,Москва,60178.0,1.6,"бензин,"
Hyundai,Solaris,2014,1250000.0,Москва,62281.0,1.6,"бензин,"
Hyundai,Solaris,2022,1899000.0,Москва,20646.0,1.6,"бензин,"
Hyundai,Solaris,2014,580000.0,Москва,220000.0,1.4,"бензин,"
Hyundai,Solaris,2014,700000.0,Москва,228000.0,1.6,"бензин,"
Hyundai,Solaris,2013,610000.0,Москва,387440.0,1.4,"бензин,"
Hyundai,Solaris,2019,1500000.0,Москва,76501.0,1.6,"бензин,"
Hyundai,Solaris,2018,900000.0,Москва,208122.0,1.6,"бензин,"
Hyundai,Solaris,2015,948000.0,Москва,176546.0,1.6,"бензин,"
Hyundai,Solaris,2011,775000.0,Москва,199734.0,1.6,"бензин,"
Hyundai,Solaris,2021,1404000.0,Москва,88776.0,1.4,"бензин,"
Hyundai,Solaris,2021,1400000.0,Москва,195251.0,1.6,"бензин,"
Hyundai,Solaris,2015,820000.0,Москва,240155.0,1.6,"бензин,"
Hyundai,Solaris,2018,1268000.0,Москва,105505.0,1.4,"бензин,"
Hyundai,Solaris,2011,980000.0,Москва,127191.0,1.6,"бензин,"
Hyundai,Solaris,2015,1075000.0,Москва,121964.0,1.6,"бензин,"
Hyundai,Solaris,2020,1720000.0,Москва,36093.0,1.6,"бензин,"
Hyundai,Solaris,2015,1200000.0,Москва,97000.0,1.6,"бензин,"
Hyundai,Solaris,2019,1388000.0,Москва,55000.0,1.6,"бензин,"
Hyundai,Solaris,2021,1625050.0,Москва,61821.0,1.6,"бензин,"
Hyundai,Solaris,2015,999999.0,Москва,156000.0,1.6,"бензин,"
Hyundai,Solaris,2014,968000.0,Москва,147382.0,1.6,"бензин,"
Hyundai,Solaris,2014,1010000.0,Москва,101944.0,1.4,"бензин,"
Hyundai,Solaris,2019,1544000.0,Москва,57400.0,1.6,"бензин,"
Hyundai,Solaris,2019,1545000.0,Москва,78000.0,1.6,"бензин,"
Hyundai,Solaris,2012,1150000.0,Москва,134224.0,1.4,"бензин,"
Hyundai,Solaris,2019,999999.0,Москва,185000.0,1.4,"бензин,"
Hyundai,Solaris,2015,799000.0,Москва,84200.0,1.4,"бензин,"
Hyundai,Solaris,2016,944000.0,Москва,180000.0,1.6,"бензин,"
Hyundai,Solaris,2016,1135000.0,Москва,5850.0,1.4,"бензин,"
Hyundai,Solaris,2011,686000.0,Москва,210000.0,1.6,"бензин,"
Hyundai,Solaris,2021,1480000.0,Москва,40284.0,1.6,"бензин,"
Hyundai,Solaris,2022,1900000.0,Москва,24933.0,1.6,"бензин,"
Hyundai,Solaris,2011,1035000.0,Москва,85161.0,1.6,"бензин,"
Hyundai,Solaris,2011,615000.0,Москва,348000.0,1.4,"бензин,"
Hyundai,Solaris,2016,1300000.0,Москва,105000.0,1.6,"бензин,"
Hyundai,Solaris,2013,795000.0,Москва,127498.0,1.6,"бензин,"
Hyundai,Solaris,2012,780000.0,Москва,157000.0,1.6,"бензин,"
Hyundai,Solaris,2015,1150000.0,Москва,89000.0,1.6,"бензин,"
Hyundai,Solaris,2018,1010000.0,Москва,235000.0,1.4,"бензин,"
Hyundai,Solaris,2020,1565000.0,Москва,125935.0,1.6,"бензин,"
Hyundai,Solaris,2017,964000.0,Москва,181414.0,1.6,"бензин,"
Hyundai,Solaris,2019,1430000.0,Москва,98326.0,1.6,"бензин,"
Hyundai,Solaris,2020,1369000.0,Москва,126153.0,1.4,"бензин,"
Hyundai,Solaris,2022,2023000.0,Москва,17260.0,1.6,"бензин,"
Hyundai,Solaris,2020,1630000.0,Москва,66000.0,1.6,"бензин,"
Hyundai,Solaris,2012,830000.0,Москва,149270.0,1.6,"бензин,"
Hyundai,Solaris,2015,760000.0,Москва,168000.0,1.4,"бензин,"
Hyundai,Solaris,2017,1200000.0,Москва,91000.0,1.6,"бензин,"
Hyundai,Solaris,2021,1653000.0,Москва,66200.0,1.6,"бензин,"
Hyundai,Solaris,2014,1050000.0,Москва,85340.0,1.6,"бензин,"
Hyundai,Solaris,2019,1350000.0,Москва,96619.0,1.6,"бензин,"
Hyundai,Solaris,2019,1230700.0,Москва,140150.0,1.4,"бензин,"
Hyundai,Solaris,2016,1017000.0,Москва,131000.0,1.6,"бензин,"
Hyundai,Solaris,2020,1610000.0,Москва,51612.0,1.6,"бензин,"
Hyundai,Solaris,2017,1230000.0,Москва,123471.0,1.4,"бензин,"
Hyundai,Solaris,2014,860000.0,Москва,140995.0,1.6,"бензин,"
Hyundai,Solaris,2014,400000.0,Москва,500156.0,1.4,"бензин,"
Hyundai,Solaris,2015,1119000.0,Москва,145763.0,1.6,"бензин,"
Hyundai,Solaris,2014,780000.0,Москва,85300.0,1.4,"бензин,"
Hyundai,Solaris,2021,1820000.0,Москва,46722.0,1.6,"бензин,"
Hyundai,Solaris,2019,1485000.0,Москва,117823.0,1.6,"бензин,"
Hyundai,Solaris,2015,1040000.0,Москва,158831.0,1.6,"бензин,"
Hyundai,Solaris,2018,1285000.0,Москва,46272.0,1.4,"бензин,"
Hyundai,Solaris,2019,1530000.0,Москва,175000.0,1.6,"бензин,"
Hyundai,Solaris,2015,910000.0,Москва,152000.0,1.4,"бензин,"
Hyundai,Solaris,2021,1685000.0,Москва,47202.0,1.6,"бензин,"
Hyundai,Solaris,2014,779000.0,Москва,256185.0,1.6,"бензин,"
Hyundai,Solaris,2019,1565000.0,Москва,91000.0,1.6,"бензин,"
Hyundai,Solaris,2015,989000.0,Москва,93747.0,1.6,"бензин,"
Hyundai,Solaris,2021,1641000.0,Москва,36190.0,1.6,"бензин,"
Hyundai,Solaris,2020,1580000.0,Москва,84500.0,1.4,"бензин,"
Hyundai,Solaris,2019,1385000.0,Москва,87950.0,1.6,"бензин,"
Hyundai,Solaris,2012,605000.0,Москва,201338.0,1.4,"бензин,"
Hyundai,Solaris,2021,1509000.0,Москва,73152.0,1.6,"бензин,"
Hyundai,Solaris,2018,1220000.0,Москва,67553.0,1.6,"бензин,"
Hyundai,Solaris,2018,1750000.0,Москва,67000.0,1.6,"бензин,"
Hyundai,Solaris,2019,1580000.0,Москва,83000.0,1.6,"бензин,"
Hyundai,Solaris,2020,1480000.0,Москва,74395.0,1.4,"бензин,"
Hyundai,Solaris,2020,1449000.0,Москва,72000.0,1.6,"бензин,"
Hyundai,Solaris,2022,1970000.0,Москва,8228.0,1.6,"бензин,"
Hyundai,Solaris,2022,1950000.0,Москва,16013.0,1.6,"бензин,"
Hyundai,Solaris,2022,1930000.0,Москва,26873.0,1.6,"бензин,"
Hyundai,Solaris,2011,745000.0,Москва,160000.0,1.4,"бензин,"
Hyundai,Solaris,2014,759000.0,Москва,198000.0,1.6,"бензин,"
Hyundai,Solaris,2018,1030000.0,Москва,52557.0,1.4,"бензин,"
Hyundai,Solaris,2021,1750000.0,Москва,59086.0,1.6,"бензин,"
Hyundai,Solaris,2012,774000.0,Москва,81900.0,1.6,"бензин,"
Hyundai,Solaris,2020,1678000.0,Москва,58500.0,1.6,"бензин,"
Hyundai,Solaris,2014,700000.0,Москва,336000.0,1.6,"бензин,"
Hyundai,Solaris,2020,1387000.0,Москва,79794.0,1.6,"бензин,"
Hyundai,Solaris,2020,1580000.0,Москва,62865.0,1.6,"бензин,"
Hyundai,Solaris,2015,1125000.0,Москва,150000.0,1.6,"бензин,"
Hyundai,Solaris,2020,1686000.0,Москва,17538.0,1.6,"бензин,"
Hyundai,Solaris,2019,1700000.0,Москва,23387.0,1.6,"бензин,"
Hyundai,Solaris,2020,1687000.0,Москва,50248.0,1.6,"бензин,"
Hyundai,Solaris,2014,1087000.0,Москва,135663.0,1.6,"бензин,"
Hyundai,Solaris,2021,1825000.0,Москва,11338.0,1.6,"бензин,"
Hyundai,Solaris,2013,1045000.0,Москва,149711.0,1.6,"бензин,"
Hyundai,Solaris,2017,1490000.0,Москва,43000.0,1.4,"бензин,"
Hyundai,Solaris,2012,995000.0,Москва,178464.0,1.6,"бензин,"
Hyundai,Solaris,2013,975000.0,Москва,159402.0,1.6,"бензин,"
Hyundai,Solaris,2012,888000.0,Москва,169500.0,1.6,"бензин,"
Hyundai,Solaris,2018,850000.0,Москва,409000.0,1.4,"бензин,"
Hyundai,Solaris,2021,1270000.0,Москва,156299.0,1.6,"бензин,"
Hyundai,Solaris,2016,549000.0,Москва,90000.0,1.4,"бензин,"
Hyundai,Solaris,2013,900000.0,Москва,154200.0,1.6,"бензин,"
Hyundai,Solaris,2019,1335000.0,Москва,46672.0,1.4,"бензин,"
Hyundai,Solaris,2014,732000.0,Москва,207747.0,1.6,"бензин,"
Hyundai,Solaris,2012,620000.0,Москва,252108.0,1.6,"бензин,"
Hyundai,Solaris,2015,688888.0,Москва,365000.0,1.4,"бензин,"
Hyundai,Solaris,2014,704000.0,Москва,214095.0,1.6,"бензин,"
Hyundai,Solaris,2021,1935000.0,Москва,19303.0,1.6,"бензин,"
Hyundai,Solaris,2013,882000.0,Москва,123189.0,1.6,"бензин,"
Hyundai,Solaris,2022,1810000.0,Москва,28237.0,1.6,"бензин,"
Hyundai,Solaris,2020,1250000.0,Москва,160000.0,1.4,"бензин,"
Hyundai,Solaris,2017,1320000.0,Москва,81882.0,1.6,"бензин,"
Hyundai,Solaris,2017,1220000.0,Москва,137969.0,1.4,"бензин,"
Hyundai,Solaris,2014,1020000.0,Москва,101800.0,1.4,"бензин,"
Hyundai,Solaris,2021,1520000.0,Москва,126000.0,1.6,"бензин,"
Hyundai,Solaris,2014,1200000.0,Москва,96500.0,1.6,"бензин,"
Hyundai,Solaris,2011,651000.0,Москва,184003.0,1.6,"бензин,"
Hyundai,Solaris,2021,1579000.0,Москва,88900.0,1.6,"бензин,"
Hyundai,Solaris,2021,1730000.0,Москва,61400.0,1.6,"бензин,"
Hyundai,Solaris,2021,1800000.0,Москва,24457.0,1.6,"бензин,"
Hyundai,Solaris,2012,470000.0,Москва,400000.0,1.4,"бензин,"
Hyundai,Solaris,2012,662000.0,Москва,176859.0,1.4,"бензин,"
Hyundai,Solaris,2012,960000.0,Москва,157000.0,1.6,"бензин,"
Hyundai,Solaris,2021,1299000.0,Москва,100000.0,1.6,"бензин,"
Hyundai,Solaris,2020,1450000.0,Москва,139692.0,1.6,"бензин,"
Hyundai,Solaris,2014,985000.0,Москва,40653.0,1.4,"бензин,"
Hyundai,Solaris,2019,1229000.0,Москва,39440.0,1.4,"бензин,"
Hyundai,Solaris,2019,1238000.0,Москва,76885.0,1.4,"бензин,"
Hyundai,Solaris,2015,950000.0,Москва,56511.0,1.6,"бензин,"
Hyundai,Solaris,2021,1578000.0,Москва,54000.0,1.6,"бензин,"
Hyundai,Solaris,2017,1190000.0,Москва,134271.0,1.6,"бензин,"
Hyundai,Solaris,2013,770000.0,Москва,168094.0,1.6,"бензин,"
Hyundai,Solaris,2012,848000.0,Москва,178384.0,1.6,"бензин,"
Hyundai,Solaris,2016,900000.0,Москва,110000.0,1.4,"бензин,"
Hyundai,Solaris,2013,870000.0,Москва,176000.0,1.6,"бензин,"
Hyundai,Solaris,2022,1700000.0,Москва,86263.0,1.6,"бензин,"
Hyundai,Solaris,2014,911000.0,Москва,170000.0,1.4,"бензин,"
Hyundai,Solaris,2018,965000.0,Москва,131795.0,1.4,"бензин,"
Hyundai,Solaris,2012,645000.0,Москва,366000.0,1.6,"бензин,"
Hyundai,Solaris,2018,1450000.0,Москва,61674.0,1.6,"бензин,"
Hyundai,Solaris,2012,650000.0,Москва,271300.0,1.6,"бензин,"
Hyundai,Solaris,2011,748000.0,Москва,230000.0,1.4,"бензин,"
Hyundai,Solaris,2018,1480000.0,Москва,110000.0,1.6,"бензин,"
Hyundai,Solaris,2011,720000.0,Москва,137000.0,1.4,"бензин,"
Hyundai,Solaris,2012,760000.0,Москва,285000.0,1.4,"бензин,"
Hyundai,Solaris,2017,1000000.0,Москва,318000.0,1.6,"бензин,"
Hyundai,Solaris,2013,740000.0,Москва,239743.0,1.6,"бензин,"
Hyundai,Solaris,2013,950000.0,Москва,120503.0,1.4,"бензин,"
Hyundai,Solaris,2015,1055000.0,Москва,88535.0,1.6,"бензин,"
Hyundai,Solaris,2011,665000.0,Москва,150000.0,1.4,"бензин,"
Hyundai,Solaris,2019,1685000.0,Москва,60502.0,1.6,"бензин,"
Hyundai,Solaris,2018,400000.0,Москва,302000.0,1.6,"бензин,"
Hyundai,Solaris,2020,1499000.0,Москва,45574.0,1.4,"бензин,"
Hyundai,Solaris,2011,715000.0,Москва,201778.0,1.6,"бензин,"
Hyundai,Solaris,2015,1140000.0,Москва,150807.0,1.6,"бензин,"
Hyundai,Solaris,2018,1100000.0,Москва,160000.0,1.6,"бензин,"
Hyundai,Solaris,2016,1190000.0,Москва,113000.0,1.6,"бензин,"
Hyundai,Solaris,2018,1345000.0,Москва,69469.0,1.6,"бензин,"
Hyundai,Solaris,2016,690000.0,Москва,350705.0,1.4,"бензин,"
Hyundai,Solaris,2014,969000.0,Москва,104987.0,1.6,"бензин,"
Hyundai,Solaris,2016,1200000.0,Москва,118000.0,1.4,"бензин,"
Hyundai,Solaris,2020,1758700.0,Москва,23030.0,1.6,"бензин,"
Hyundai,Solaris,2021,1800000.0,Москва,45437.0,1.6,"бензин,"
Hyundai,Solaris,2016,1185000.0,Москва,205000.0,1.6,"бензин,"
Hyundai,Solaris,2011,995000.0,Москва,162368.0,1.4,"бензин,"
Hyundai,Solaris,2012,800000.0,Москва,110000.0,1.6,"бензин,"
Hyundai,Solaris,2014,440000.0,Москва,111000.0,1.4,"бензин,"
Hyundai,Solaris,2021,1955000.0,Москва,17000.0,1.6,"бензин,"
Hyundai,Solaris,2021,1660000.0,Москва,29996.0,1.6,"бензин,"
Hyundai,Solaris,2022,1600000.0,Москва,41184.0,1.6,"бензин,"
Hyundai,Solaris,2013,812000.0,Москва,118923.0,1.6,"бензин,"
Hyundai,Solaris,2012,950000.0,Москва,218000.0,1.4,"бензин,"
Hyundai,Solaris,2018,1199050.0,Москва,101551.0,1.6,"бензин,"
Hyundai,Solaris,2019,1400000.0,Москва,120000.0,1.6,"бензин,"
Hyundai,Solaris,2019,810000.0,Москва,207000.0,1.4,"бензин,"
Hyundai,Solaris,2012,770000.0,Москва,132413.0,1.6,"бензин,"
Hyundai,Solaris,2019,1250000.0,Москва,58063.0,1.4,"бензин,"
Hyundai,Solaris,2014,1064000.0,Москва,130940.0,1.6,"бензин,"
Hyundai,Solaris,2019,1310000.0,Москва,163560.0,1.6,"бензин,"
Hyundai,Solaris,2013,929000.0,Москва,161311.0,1.6,"бензин,"
Hyundai,Solaris,2015,1200000.0,Москва,93000.0,1.6,"бензин,"
Hyundai,Solaris,2012,799000.0,Москва,159253.0,1.6,"бензин,"
Hyundai,Solaris,2018,1379000.0,Москва,84726.0,1.6,"бензин,"
Hyundai,Solaris,2017,1290000.0,Москва,89600.0,1.6,"бензин,"
Hyundai,Solaris,2015,1078000.0,Москва,78977.0,1.6,"бензин,"
Hyundai,Solaris,2020,1299000.0,Москва,94435.0,1.4,"бензин,"
Hyundai,Solaris,2021,1550000.0,Москва,88600.0,1.6,"бензин,"
Hyundai,Solaris,2017,1305000.0,Москва,58927.0,1.6,"бензин,"
Hyundai,Solaris,2017,1250000.0,Москва,77811.0,1.6,"бензин,"
Hyundai,Solaris,2011,646000.0,Москва,120408.0,1.4,"бензин,"
Hyundai,Solaris,2017,1050000.0,Москва,151287.0,1.4,"бензин,"
Hyundai,Solaris,2017,1360000.0,Москва,133500.0,1.6,"бензин,"
Hyundai,Solaris,2021,1520000.0,Москва,39968.0,1.6,"бензин,"
Hyundai,Solaris,2020,1475000.0,Москва,58617.0,1.6,"бензин,"
Hyundai,Solaris,2019,1340000.0,Москва,110373.0,1.6,"бензин,"
Hyundai,Solaris,2016,680000.0,Москва,530000.0,1.6,"бензин,"
Hyundai,Solaris,2021,1800000.0,Москва,53000.0,1.6,"бензин,"
Hyundai,Solaris,2019,1520000.0,Москва,90578.0,1.6,"бензин,"
Hyundai,Solaris,2012,705000.0,Москва,214273.0,1.6,"бензин,"
Hyundai,Solaris,2021,1449000.0,Москва,62752.0,1.6,"бензин,"
Hyundai,Solaris,2018,980000.0,Москва,142013.0,1.4,"бензин,"
Hyundai,Solaris,2018,1040000.0,Москва,161894.0,1.4,"бензин,"
Hyundai,Solaris,2016,1395000.0,Москва,26600.0,1.6,"бензин,"
Hyundai,Solaris,2011,830000.0,Москва,154000.0,1.6,"бензин,"
Hyundai,Solaris,2015,987000.0,Москва,90000.0,1.6,"бензин,"
Hyundai,Solaris,2012,585000.0,Москва,210538.0,1.6,"бензин,"
Hyundai,Solaris,2021,1799000.0,Москва,38000.0,1.6,"бензин,"
Hyundai,Solaris,2016,1350000.0,Москва,53000.0,1.6,"бензин,"
Hyundai,Solaris,2020,1650000.0,Москва,83530.0,1.6,"бензин,"
Hyundai,Solaris,2021,1615000.0,Москва,38242.0,1.6,"бензин,"
Hyundai,Solaris,2020,1698800.0,Москва,61607.0,1.6,"бензин,"
Hyundai,Solaris,2019,1000000.0,Москва,330000.0,1.4,"бензин,"
Hyundai,Solaris,2018,1315000.0,Москва,143526.0,1.6,"бензин,"
Hyundai,Solaris,2012,770000.0,Москва,182229.0,1.6,"бензин,"
Hyundai,Solaris,2016,1250000.0,Москва,65370.0,1.4,"бензин,"
Hyundai,Solaris,2019,990000.0,Москва,200000.0,1.6,"бензин,"
Hyundai,Solaris,2013,890000.0,Москва,164889.0,1.6,"бензин,"
Hyundai,Solaris,2012,970000.0,Москва,92412.0,1.6,"бензин,"
Hyundai,Solaris,2017,1400000.0,Москва,75447.0,1.6,"бензин,"
Hyundai,Solaris,2020,1657000.0,Москва,28402.0,1.6,"бензин,"
Hyundai,Solaris,2016,1010000.0,Москва,145436.0,1.4,"бензин,"
Hyundai,Solaris,2015,700000.0,Москва,237254.0,1.4,"бензин,"
Hyundai,Solaris,2021,1698000.0,Москва,72400.0,1.6,"бензин,"
Hyundai,Solaris,2019,1230000.0,Москва,220000.0,1.4,"бензин,"
Hyundai,Solaris,2021,1829000.0,Москва,62879.0,1.6,"бензин,"
Hyundai,Solaris,2019,1149000.0,Москва,78901.0,1.6,"бензин,"
Hyundai,Solaris,2018,1300500.0,Москва,400000.0,1.6,"бензин,"
Hyundai,Solaris,2013,1070000.0,Москва,130000.0,1.6,"бензин,"
Hyundai,Solaris,2014,929000.0,Москва,132535.0,1.4,"бензин,"
Hyundai,Solaris,2017,1450000.0,Москва,96000.0,1.6,"бензин,"
Hyundai,Solaris,2013,835000.0,Москва,145090.0,1.6,"бензин,"
Hyundai,Solaris,2018,1195000.0,Москва,209000.0,1.6,"бензин,"
Hyundai,Solaris,2015,862000.0,Москва,175013.0,1.6,"бензин,"
Hyundai,Solaris,2019,1561000.0,Москва,54619.0,1.6,"бензин,"
Hyundai,Solaris,2018,1078000.0,Москва,195273.0,1.6,"бензин,"
Hyundai,Solaris,2022,1887000.0,Москва,45761.0,1.6,"бензин,"
Hyundai,Solaris,2015,1250000.0,Москва,114600.0,1.4,"бензин,"
Hyundai,Solaris,2018,1360000.0,Москва,112200.0,1.6,"бензин,"
Hyundai,Solaris,2020,1616000.0,Москва,57321.0,1.6,"бензин,"
Hyundai,Solaris,2019,1519000.0,Москва,59035.0,1.6,"бензин,"
Hyundai,Solaris,2018,1290000.0,Москва,157663.0,1.6,"бензин,"
Hyundai,Solaris,2012,650000.0,Москва,192000.0,1.4,"бензин,"
Hyundai,Solaris,2020,1459000.0,Москва,60732.0,1.6,"бензин,"
Hyundai,Solaris,2012,800000.0,Москва,242000.0,1.6,"бензин,"
Hyundai,Solaris,2019,1500000.0,Москва,300000.0,1.6,"бензин,"
Hyundai,Solaris,2014,867000.0,Москва,219067.0,1.6,"бензин,"
Hyundai,Solaris,2019,868000.0,Москва,150074.0,1.4,"бензин,"
Hyundai,Solaris,2012,680000.0,Москва,181000.0,1.4,"бензин,"
Hyundai,Solaris,2015,1220000.0,Москва,138000.0,1.6,"бензин,"
Hyundai,Solaris,2018,958000.0,Москва,295331.0,1.6,"бензин,"
Hyundai,Solaris,2021,1881789.0,Москва,16475.0,1.6,"бензин,"
Hyundai,Solaris,2016,1368000.0,Москва,50675.0,1.6,"бензин,"
Hyundai,Solaris,2015,1120000.0,Москва,101322.0,1.6,"бензин,"
Hyundai,Solaris,2015,1075000.0,Москва,149550.0,1.6,"бензин,"
Hyundai,Solaris,2016,1199000.0,Москва,158000.0,1.6,"бензин,"
Hyundai,Solaris,2016,890000.0,Москва,187167.0,1.6,"бензин,"
Hyundai,Solaris,2016,899000.0,Москва,194000.0,1.4,"бензин,"
Hyundai,Solaris,2021,1850000.0,Москва,57000.0,1.6,"бензин,"
Hyundai,Solaris,2020,1550000.0,Москва,109000.0,1.4,"бензин,"
Hyundai,Solaris,2021,1650000.0,Москва,73000.0,1.6,"бензин,"
Hyundai,Solaris,2013,814000.0,Москва,142443.0,1.6,"бензин,"
Hyundai,Solaris,2014,935000.0,Москва,194370.0,1.6,"бензин,"
Hyundai,Solaris,2014,870000.0,Москва,165000.0,1.4,"бензин,"
Hyundai,Solaris,2016,680000.0,Москва,285000.0,1.6,"бензин,"
Hyundai,Solaris,2015,870000.0,Москва,286000.0,1.4,"бензин,"
Hyundai,Solaris,2016,1025000.0,Москва,130068.0,1.6,"бензин,"
Hyundai,Solaris,2014,1350000.0,Москва,78800.0,1.6,"бензин,"
Hyundai,Solaris,2022,1795000.0,Москва,67372.0,1.6,"бензин,"
Hyundai,Solaris,2019,1288000.0,Москва,67564.0,1.4,"бензин,"
Hyundai,Solaris,2015,990000.0,Москва,128919.0,1.6,"бензин,"
Hyundai,Solaris,2018,1750000.0,Москва,68800.0,1.6,"бензин,"
Hyundai,Solaris,2018,1290000.0,Москва,104807.0,1.4,"бензин,"
Hyundai,Solaris,2012,945000.0,Москва,149523.0,1.6,"бензин,"
Hyundai,Solaris,2015,610000.0,Москва,500000.0,1.4,"бензин,"
Hyundai,Solaris,2018,875000.0,Москва,192259.0,1.4,"бензин,"
Hyundai,Solaris,2019,520000.0,Москва,100000.0,1.6,"бензин,"
Hyundai,Solaris,2012,695000.0,Москва,156688.0,1.6,"бензин,"
Hyundai,Solaris,2015,580000.0,Москва,175000.0,1.4,"бензин,"
Hyundai,Solaris,2022,1720000.0,Москва,45527.0,1.6,"бензин,"
Hyundai,Solaris,2021,1600000.0,Москва,64750.0,1.6,"бензин,"
Hyundai,Solaris,2022,1895000.0,Москва,36075.0,1.6,"бензин,"
Hyundai,Solaris,2022,1915000.0,Москва,10143.0,1.6,"бензин,"
Hyundai,Solaris,2012,691000.0,Москва,213877.0,1.4,"бензин,"
Hyundai,Solaris,2015,954000.0,Москва,172514.0,1.6,"бензин,"
Hyundai,Solaris,2015,956000.0,Москва,127811.0,1.4,"бензин,"
Hyundai,Solaris,2011,779000.0,Москва,143574.0,1.6,"бензин,"
Hyundai,Solaris,2021,1749000.0,Москва,50168.0,1.6,"бензин,"
Hyundai,Solaris,2021,1639000.0,Москва,88701.0,1.6,"бензин,"
Hyundai,Solaris,2018,999000.0,Москва,101495.0,1.6,"бензин,"
Hyundai,Solaris,2014,810000.0,Москва,124338.0,1.6,"бензин,"
Hyundai,Solaris,2014,1325000.0,Москва,98000.0,1.6,"бензин,"
Hyundai,Solaris,2020,1520000.0,Москва,49624.0,1.4,"бензин,"
Hyundai,Solaris,2014,717900.0,Москва,110000.0,1.4,"бензин,"
Hyundai,Solaris,2019,1290000.0,Москва,132000.0,1.6,"бензин,"
Hyundai,Solaris,2018,1300000.0,Москва,30000.0,1.6,"бензин,"
Hyundai,Solaris,2018,1385000.0,Москва,52645.0,1.6,"бензин,"
Hyundai,Solaris,2020,1640000.0,Москва,62138.0,1.6,"бензин,"
Hyundai,Solaris,2015,958000.0,Москва,101909.0,1.6,"бензин,"
Hyundai,Solaris,2016,1145000.0,Москва,59000.0,1.4,"бензин,"
Hyundai,Solaris,2021,1780000.0,Москва,54356.0,1.6,"бензин,"
Hyundai,Solaris,2012,780000.0,Москва,153123.0,1.6,"бензин,"
Hyundai,Solaris,2015,979000.0,Москва,93500.0,1.6,"бензин,"
Hyundai,Solaris,2014,780000.0,Москва,147000.0,1.4,"бензин,"
Hyundai,Solaris,2020,1880000.0,Москва,27545.0,1.6,"бензин,"
Hyundai,Solaris,2021,1765000.0,Москва,56154.0,1.6,"бензин,"
Hyundai,Solaris,2016,1450000.0,Москва,18000.0,1.6,"бензин,"
Hyundai,Solaris,2014,1190000.0,Москва,38506.0,1.6,"бензин,"
Hyundai,Solaris,2018,1160000.0,Москва,111000.0,1.4,"бензин,"
Hyundai,Solaris,2020,1000000.0,Москва,300000.0,1.4,"бензин,"
Hyundai,Solaris,2021,1955000.0,Москва,16200.0,1.6,"бензин,"
Hyundai,Solaris,2021,1690000.0,Москва,72000.0,1.6,"бензин,"
Hyundai,Solaris,2011,655000.0,Москва,179552.0,1.6,"бензин,"
Hyundai,Solaris,2014,1130000.0,Москва,143889.0,1.6,"бензин,"
Hyundai,Solaris,2020,1575000.0,Москва,26586.0,1.6,"бензин,"
Hyundai,Solaris,2021,1759000.0,Москва,29263.0,1.6,"бензин,"
Hyundai,Solaris,2018,1117000.0,Москва,159779.0,1.6,"бензин,"
Hyundai,Solaris,2018,1350000.0,Москва,29500.0,1.4,"бензин,"
Hyundai,Solaris,2015,1198000.0,Москва,63926.0,1.6,"бензин,"
Hyundai,Solaris,2012,680000.0,Москва,162023.0,1.4,"бензин,"
Hyundai,Solaris,2013,750000.0,Москва,163000.0,1.6,"бензин,"
Hyundai,Solaris,2020,1570000.0,Москва,115544.0,1.6,"бензин,"
Hyundai,Solaris,2020,1850000.0,Москва,56400.0,1.6,"бензин,"
Hyundai,Solaris,2016,1202000.0,Москва,70051.0,1.4,"бензин,"
Hyundai,Solaris,2016,1049000.0,Москва,125450.0,1.6,"бензин,"
Hyundai,Solaris,2020,1549000.0,Москва,64277.0,1.6,"бензин,"
Hyundai,Solaris,2021,1620000.0,Москва,90494.0,1.6,"бензин,"
Hyundai,Solaris,2021,1815000.0,Москва,24771.0,1.6,"бензин,"
Hyundai,Solaris,2013,751000.0,Москва,27769.0,1.6,"бензин,"
Hyundai,Solaris,2011,840000.0,Москва,99021.0,1.4,"бензин,"
Hyundai,Solaris,2013,900000.0,Москва,150000.0,1.4,"бензин,"
Hyundai,Solaris,2020,1680000.0,Москва,40000.0,1.6,"бензин,"
Hyundai,Solaris,2020,1325000.0,Москва,140190.0,1.6,"бензин,"
Hyundai,Solaris,2011,638000.0,Москва,221905.0,1.4,"бензин,"
Hyundai,Solaris,2018,1339000.0,Москва,51000.0,1.4,"бензин,"
Hyundai,Solaris,2017,1159000.0,Москва,113014.0,1.6,"бензин,"
Hyundai,Solaris,2015,1100000.0,Москва,97000.0,1.6,"бензин,"
Hyundai,Solaris,2019,1498000.0,Москва,79270.0,1.6,"бензин,"
Hyundai,Solaris,2015,950000.0,Москва,200008.0,1.4,"бензин,"
Hyundai,Solaris,2014,918000.0,Москва,84696.0,1.6,"бензин,"
Hyundai,Solaris,2020,1655000.0,Москва,2901.0,1.6,"бензин,"
Hyundai,Solaris,2017,1100000.0,Москва,91000.0,1.6,"бензин,"
Hyundai,Solaris,2013,890000.0,Москва,119665.0,1.6,"бензин,"
Hyundai,Solaris,2020,1441000.0,Москва,99290.0,1.6,"бензин,"
Hyundai,Solaris,2014,880000.0,Москва,265700.0,1.6,"бензин,"
Hyundai,Solaris,2013,820000.0,Москва,330000.0,1.6,"бензин,"
Hyundai,Solaris,2021,1924000.0,Москва,60705.0,1.6,"бензин,"
Hyundai,Solaris,2015,1000000.0,Москва,122000.0,1.6,"бензин,"
Hyundai,Solaris,2019,1220000.0,Москва,64956.0,1.4,"бензин,"
Hyundai,Solaris,2017,1220000.0,Москва,190000.0,1.6,"бензин,"
Hyundai,Solaris,2015,700000.0,Москва,271000.0,1.6,"бензин,"
Hyundai,Solaris,2014,925000.0,Москва,92093.0,1.4,"бензин,"
Hyundai,Solaris,2021,2150000.0,Москва,1262.0,1.6,"бензин,"
Hyundai,Solaris,2014,785000.0,Москва,133400.0,1.4,"бензин,"
Hyundai,Solaris,2021,1634000.0,Москва,76378.0,1.6,"бензин,"
Hyundai,Solaris,2020,1400000.0,Москва,73000.0,1.4,"бензин,"
Hyundai,Solaris,2020,1529700.0,Москва,123954.0,1.6,"бензин,"
Hyundai,Solaris,2011,765000.0,Москва,137890.0,1.4,"бензин,"
Hyundai,Solaris,2011,667900.0,Москва,212415.0,1.6,"бензин,"
Hyundai,Solaris,2013,932000.0,Москва,112714.0,1.6,"бензин,"
Hyundai,Solaris,2014,1068000.0,Москва,106400.0,1.6,"бензин,"
Hyundai,Solaris,2014,750000.0,Москва,224044.0,1.4,"бензин,"
Hyundai,Solaris,2019,1290000.0,Москва,60000.0,1.6,"бензин,"
Hyundai,Solaris,2019,1100000.0,Москва,303500.0,1.6,"бензин,"
Hyundai,Solaris,2011,928000.0,Москва,89044.0,1.4,"бензин,"
Hyundai,Solaris,2021,1509000.0,Москва,36600.0,1.6,"бензин,"
Hyundai,Solaris,2020,1449000.0,Москва,79846.0,1.4,"бензин,"
Hyundai,Solaris,2011,670000.0,Москва,217500.0,1.6,"бензин,"
Hyundai,Solaris,2012,624000.0,Москва,263000.0,1.6,"бензин,"
Hyundai,Solaris,2020,1523000.0,Москва,46314.0,1.6,"бензин,"
Hyundai,Solaris,2018,1498000.0,Москва,93000.0,1.6,"бензин,"
Hyundai,Solaris,2018,1250000.0,Москва,83000.0,1.6,"бензин,"
Hyundai,Solaris,2014,1050000.0,Москва,137000.0,1.4,"бензин,"
Hyundai,Solaris,2015,595000.0,Москва,415240.0,1.6,"бензин,"
Hyundai,Solaris,2021,1720000.0,Москва,45000.0,1.6,"бензин,"
Hyundai,Solaris,2020,1550000.0,Москва,87409.0,1.4,"бензин,"
Hyundai,Solaris,2014,914000.0,Москва,61500.0,1.6,"бензин,"
Hyundai,Solaris,2015,725000.0,Москва,201554.0,1.4,"бензин,"
Hyundai,Solaris,2020,1774000.0,Москва,32580.0,1.6,"бензин,"
Hyundai,Solaris,2021,1764000.0,Москва,24463.0,1.6,"бензин,"
Hyundai,Solaris,2014,520000.0,Москва,590000.0,1.4,"бензин,"
Hyundai,Solaris,2019,1277000.0,Москва,83773.0,1.6,"бензин,"
Hyundai,Solaris,2011,703000.0,Москва,132677.0,1.6,"бензин,"
Hyundai,Solaris,2018,1245000.0,Москва,97224.0,1.4,"бензин,"
Hyundai,Solaris,2019,1431000.0,Москва,63969.0,1.6,"бензин,"
Hyundai,Solaris,2021,1659000.0,Москва,42416.0,1.6,"бензин,"
Hyundai,Solaris,2017,1200000.0,Москва,122000.0,1.4,"бензин,"
Hyundai,Solaris,2017,1350000.0,Москва,59000.0,1.6,"бензин,"
Hyundai,Solaris,2012,975000.0,Москва,139105.0,1.6,"бензин,"
Hyundai,Solaris,2018,850000.0,Москва,160000.0,1.4,"бензин,"
Hyundai,Solaris,2015,769000.0,Москва,164000.0,1.6,"бензин,"
Hyundai,Solaris,2020,1699000.0,Москва,53500.0,1.6,"бензин,"
Hyundai,Solaris,2018,1159000.0,Москва,68580.0,1.6,"бензин,"
Hyundai,Solaris,2012,690000.0,Москва,265000.0,1.4,"бензин,"
Hyundai,Solaris,2019,1315700.0,Москва,57190.0,1.4,"бензин,"
Hyundai,Solaris,2018,785000.0,Москва,272000.0,1.4,"бензин,"
Hyundai,Solaris,2019,1215000.0,Москва,77321.0,1.6,"бензин,"
Hyundai,Solaris,2014,550000.0,Москва,186000.0,1.6,"бензин,"
Hyundai,Solaris,2014,997000.0,Москва,157208.0,1.6,"бензин,"
Hyundai,Solaris,2016,998000.0,Москва,173611.0,1.6,"бензин,"
Hyundai,Solaris,2021,1470000.0,Москва,66252.0,1.4,"бензин,"
Hyundai,Solaris,2020,1440000.0,Москва,24865.0,1.6,"бензин,"
Hyundai,Solaris,2013,900000.0,Москва,250000.0,1.6,"бензин,"
Hyundai,Solaris,2021,1710000.0,Москва,53210.0,1.6,"бензин,"
Hyundai,Solaris,2019,1392000.0,Москва,79100.0,1.6,"бензин,"
Hyundai,Solaris,2017,1325000.0,Москва,69684.0,1.6,"бензин,"
Hyundai,Solaris,2016,1120000.0,Москва,180000.0,1.6,"бензин,"
Hyundai,Solaris,2022,1599000.0,Москва,34953.0,1.6,"бензин,"
Hyundai,Solaris,2014,882000.0,Москва,174567.0,1.6,"бензин,"
Hyundai,Solaris,2021,1588000.0,Москва,54392.0,1.6,"бензин,"
Hyundai,Solaris,2017,1399999.0,Москва,93000.0,1.6,"бензин,"
Hyundai,Solaris,2014,880000.0,Москва,137257.0,1.6,"бензин,"
Hyundai,Solaris,2018,1350000.0,Москва,200000.0,1.6,"бензин,"
Hyundai,Solaris,2016,1099000.0,Москва,85596.0,1.6,"бензин,"
Hyundai,Solaris,2016,1090000.0,Москва,146445.0,1.6,"бензин,"
Hyundai,Solaris,2019,670000.0,Москва,199000.0,1.4,"бензин,"
Hyundai,Solaris,2021,1655000.0,Москва,26590.0,1.6,"бензин,"
Hyundai,Solaris,2021,1610000.0,Москва,45456.0,1.6,"бензин,"
Hyundai,Solaris,2018,1500000.0,Реутов (≈ 20 км),84500.0,1.4,"бензин,"
Hyundai,Solaris,2020,1540000.0,Химки (≈ 20 км),29500.0,1.6,"бензин,"
Hyundai,Solaris,2021,1740000.0,Химки (≈ 20 км),56505.0,1.6,"бензин,"
Hyundai,Solaris,2021,1790000.0,Химки (≈ 20 км),51200.0,1.6,"бензин,"
Hyundai,Solaris,2015,840000.0,Химки (≈ 20 км),156000.0,1.6,"бензин,"
Hyundai,Solaris,2015,1260000.0,Химки (≈ 20 км),38000.0,1.6,"бензин,"
Hyundai,Solaris,2016,575000.0,Химки (≈ 20 км),316700.0,1.4,"бензин,"
Hyundai,Solaris,2016,1267000.0,Химки (≈ 20 км),105000.0,1.6,"бензин,"
Hyundai,Solaris,2017,1324000.0,Химки (≈ 20 км),90744.0,1.6,"бензин,"
Hyundai,Solaris,2019,1539000.0,Химки (≈ 20 км),49381.0,1.6,"бензин,"
Hyundai,Solaris,2019,1305000.0,Химки (≈ 20 км),85022.0,1.6,"бензин,"
Hyundai,Solaris,2022,1485000.0,Химки (≈ 20 км),130480.0,1.4,"бензин,"
Hyundai,Solaris,2015,1100000.0,Химки (≈ 20 км),187000.0,1.4,"бензин,"
Hyundai,Solaris,2021,1500000.0,Химки (≈ 20 км),21125.0,1.4,"бензин,"
Hyundai,Solaris,2020,1700000.0,Химки (≈ 20 км),50235.0,1.6,"бензин,"
Hyundai,Solaris,2021,1790000.0,Химки (≈ 20 км),44701.0,1.6,"бензин,"
Hyundai,Solaris,2021,1779000.0,Химки (≈ 20 км),44809.0,1.6,"бензин,"
Hyundai,Solaris,2011,914000.0,Химки (≈ 20 км),75553.0,1.6,"бензин,"
Hyundai,Solaris,2014,1150000.0,Химки (≈ 20 км),185162.0,1.6,"бензин,"
Hyundai,Solaris,2021,1637000.0,Химки (≈ 20 км),45694.0,1.6,"бензин,"
Hyundai,Solaris,2022,2297860.0,Москва,,1.6,"бензин,"
Hyundai,Solaris,2022,2019000.0,Москва,,1.6,"бензин,"
Hyundai,Solaris,2022,2170000.0,Москва,,1.6,"бензин,"
Hyundai,Solaris,2022,2297860.0,Москва,,1.6,"бензин,"
Hyundai,Solaris,2022,2075000.0,Москва,,1.6,"бензин,"
Hyundai,Solaris,2022,2492700.0,Москва,,1.6,"бензин,"
Hyundai,Solaris,2022,2019000.0,Москва,,1.6,"бензин,"
Hyundai,Solaris,2022,2075000.0,Москва,,1.6,"бензин,"
Hyundai,Solaris,2022,2223000.0,Москва,,1.6,"бензин,"
Hyundai,Solaris,2022,2019000.0,Москва,,1.6,"бензин,"
Hyundai,Solaris,2022,2492700.0,Москва,,1.6,"бензин,"
Hyundai,Solaris,2022,2090000.0,Москва,,1.6,"бензин,"
Hyundai,Solaris,2022,2129000.0,Москва,,1.6,"бензин,"
Hyundai,Solaris,2022,2311200.0,Москва,,1.6,"бензин,"
Hyundai,Solaris,2022,2413000.0,Москва,,1.6,"бензин,"
Hyundai,Solaris,2022,2216200.0,Москва,,1.6,"бензин,"
Hyundai,Solaris,2022,2019000.0,Москва,,1.6,"бензин,"
Hyundai,Solaris,2022,2110000.0,Москва,,1.6,"бензин,"
Hyundai,Solaris,2022,2297860.0,Москва,,1.6,"бензин,"
Hyundai,Solaris,2022,2142000.0,Москва,,1.6,"бензин,"
Hyundai,Solaris,2021,1730000.0,Москва,44780.0,1.6,"бензин,"
Hyundai,Solaris,2018,790000.0,Москва,310000.0,1.4,"бензин,"
Hyundai,Solaris,2022,1950000.0,Москва,30239.0,1.6,"бензин,"
Hyundai,Solaris,2020,1600000.0,Москва,85000.0,1.6,"бензин,"
Hyundai,Solaris,2017,900000.0,Москва,337107.0,1.4,"бензин,"
